person_number,qr_code,email
37581073,MTH-309T-F19-EX1-084,
50129466,MTH-309T-F19-EX1-085,
50139133,MTH-309T-F19-EX1-038,
50139363,MTH-309T-F19-EX1-033,
50152581,MTH-309T-F19-EX1-009,
50153478,MTH-309T-F19-EX1-024,
50160399,,
50171833,MTH-309T-F19-EX1-005,
50177958,MTH-309T-F19-EX1-073,
50178127,MTH-309T-F19-EX1-010,
50179976,MTH-309T-F19-EX1-066,
50182214,MTH-309T-F19-EX1-031,
50182505,,
50184503,MTH-309T-F19-EX1-043,
50184781,MTH-309T-F19-EX1-062,
50184993,MTH-309T-F19-EX1-014,
50186584,MTH-309T-F19-EX1-028,
50188730,MTH-309T-F19-EX1-072,
50190227,MTH-309T-F19-EX1-088,
50193177,MTH-309T-F19-EX1-020,
50197770,MTH-309T-F19-EX1-077,
50198703,MTH-309T-F19-EX1-067,
50199668,MTH-309T-F19-EX1-003,
50209909,MTH-309T-F19-EX1-006,
50210187,MTH-309T-F19-EX1-041,
50210210,MTH-309T-F19-EX1-076,
50215913,,
50217136,MTH-309T-F19-EX1-069,
50217205,MTH-309T-F19-EX1-035,
50218380,MTH-309T-F19-EX1-064,
50218560,MTH-309T-F19-EX1-013,
50218783,MTH-309T-F19-EX1-017,
50220520,MTH-309T-F19-EX1-016,
50220699,MTH-309T-F19-EX1-004,
50223971,MTH-309T-F19-EX1-025,
50224398,MTH-309T-F19-EX1-065,
50226488,MTH-309T-F19-EX1-036,
50226636,MTH-309T-F19-EX1-048,
50227342,MTH-309T-F19-EX1-044,
50228108,MTH-309T-F19-EX1-027,
50228454,MTH-309T-F19-EX1-022,
50228567,MTH-309T-F19-EX1-018,
50228837,MTH-309T-F19-EX1-019,
50230473,MTH-309T-F19-EX1-070,
50231168,MTH-309T-F19-EX1-078,
50231703,MTH-309T-F19-EX1-007,
50232665,MTH-309T-F19-EX1-023,
50233547,MTH-309T-F19-EX1-053,
50234588,MTH-309T-F19-EX1-080,
50236235,MTH-309T-F19-EX1-068,
50236387,MTH-309T-F19-EX1-060,
50236787,MTH-309T-F19-EX1-021,
50237032,MTH-309T-F19-EX1-089,
50238123,MTH-309T-F19-EX1-040,
50238316,MTH-309T-F19-EX1-039,
50238706,MTH-309T-F19-EX1-074,
50239209,MTH-309T-F19-EX1-042,
50239780,,
50243514,MTH-309T-F19-EX1-045,
50244752,MTH-309T-F19-EX1-081,
50245424,MTH-309T-F19-EX1-071,
50250972,MTH-309T-F19-EX1-001,
50252772,MTH-309T-F19-EX1-057,
50254922,MTH-309T-F19-EX1-032,
50256548,MTH-309T-F19-EX1-086,
50258539,MTH-309T-F19-EX1-029,
50259156,MTH-309T-F19-EX1-012,
50259738,MTH-309T-F19-EX1-052,
50260813,MTH-309T-F19-EX1-051,
50262803,MTH-309T-F19-EX1-055,
50263509,MTH-309T-F19-EX1-056,
50264158,MTH-309T-F19-EX1-037,
50264810,MTH-309T-F19-EX1-059,
50266948,MTH-309T-F19-EX1-061,
50269611,MTH-309T-F19-EX1-050,
50270388,MTH-309T-F19-EX1-079,
50275130,MTH-309T-F19-EX1-046,
50275201,,
50279987,MTH-309T-F19-EX1-026,
50280211,MTH-309T-F19-EX1-054,
50280512,MTH-309T-F19-EX1-058,
50281841,MTH-309T-F19-EX1-063,
50286227,MTH-309T-F19-EX1-082,
50286239,MTH-309T-F19-EX1-011,
50288976,,
50290326,MTH-309T-F19-EX1-015,
50290350,MTH-309T-F19-EX1-075,
50294948,MTH-309T-F19-EX1-034,
50299786,MTH-309T-F19-EX1-049,
50311097,MTH-309T-F19-EX1-008,
50314657,,
50317450,MTH-309T-F19-EX1-030,
50320253,MTH-309T-F19-EX1-047,
50320796,MTH-309T-F19-EX1-083,
50239786,MTH-309T-EX1-002,
